exp,model,dataset,non-linearity,normalize,lr,channels,train_rate,val_ratio,test_ratio,alpha,auc,ap,epoch
0,VGNAE,Cora,True,True,0.0005,128,0.2,0.26666666666666666,0.5333333333333333,1.0,0.6392966000538479,0.6591517977610664,8
0,VGNAE,Cora,True,True,0.0005,128,0.2,0.26666666666666666,0.5333333333333333,1.5,0.6409748647361224,0.6699482884416472,6
0,VGNAE,Cora,True,True,0.0005,128,0.2,0.26666666666666666,0.5333333333333333,1.8,0.6401735863276772,0.6649255528930206,8
0,VGNAE,Cora,True,True,0.0005,128,0.2,0.26666666666666666,0.5333333333333333,2.0,0.6354061376536952,0.6624959590042276,6
